-- ==================================================
-- 会員情報
-- ==================================================
-- データ削除
DELETE FROM customer_image;

-- プロフィール画像
INSERT INTO customer_image(customer_id, image_url) VALUES
(01,'http://テストユーザー画像01/'),
(02,'http://テストユーザー画像02/'),
(03,'http://テストユーザー画像03/'),
(04,'http://テストユーザー画像04/'),
(05,'http://テストユーザー画像05/'),
(06,'http://テストユーザー画像06/'),
(07,'http://テストユーザー画像07/'),
(08,'http://テストユーザー画像08/'),
(09,'http://テストユーザー画像09/'),
(10,'http://テストユーザー画像10/'),
(11,'http://テストユーザー画像11/'),
(12,'http://テストユーザー画像12/'),
(13,'http://テストユーザー画像13/'),
(14,'http://テストユーザー画像14/'),
(15,'http://テストユーザー画像15/');

-- ==================================================
-- 施設情報
-- ==================================================
-- データ削除
DELETE FROM facility_favorite;
DELETE FROM facility;
DELETE FROM facility_area;

-- 地区マスタ
INSERT INTO facility_area(area_cd, lang, disp_order, district_nm) VALUES
('00001', 'ja', 1 ,'北海道'    ),
('00002', 'ja', 2 ,'東北'      ),
('00003', 'ja', 3 ,'関東'      ),
('00004', 'ja', 4 ,'中部'      ),
('00005', 'ja', 5 ,'関西'      ),
('00006', 'ja', 6 ,'中国'      ),
('00007', 'ja', 7 ,'四国'      ),
('00008', 'ja', 8 ,'九州'      ),
('00009', 'ja', 9 ,'沖縄'      ),
('00010', 'ja', 10,'その他海外');

-- 施設お気に入り
INSERT INTO facility_favorite(customer_id, business_cd) VALUES
(1, 'A0003'),
(1, 'A0002'),
(1, 'A0001');

-- 施設マスタ
INSERT INTO facility(business_cd, lang, facility_name, category_cd, area_cd, prefectures_cd, city_name, postal_code, address, reservation_phone, phone, mail_address, detailed_url, reservation_url, shop_url, facility_logo_image_url, facility_image_url_1, facility_image_url_2, facility_image_url_3, facility_image_url_4, facility_image_url_5, latitude, longitude) VALUES
('A0001','ja', 'テスト施設名01', '1', '00001', '01', '札幌市', '000-0001', '施設住所０１', '00-00001-0001', '00-00002-0001', 'mail01@mail.com', 'ホテルサイトURL', '予約サイトURL', 'ネットショップURL', '施設ロゴ画像URL０１', '施設画像URL０１＿０１', '施設画像URL０２＿０１', '施設画像URL０３＿０１', '施設画像URL０４＿０１', '施設画像URL０５＿０１', 12.123123,123.456789),
('A0002','ja', 'テスト施設名02', '2', '00002', '02', '青森市', '000-0001', '施設住所０２', '00-00001-0002', '00-00002-0002', 'mail02@mail.com', 'ホテルサイトURL', '予約サイトURL', 'ネットショップURL', '施設ロゴ画像URL０２', '施設画像URL０１＿０２', '施設画像URL０２＿０２', '施設画像URL０３＿０２', '施設画像URL０４＿０２', '施設画像URL０５＿０２', 12.123123,123.456789),
('A0003','ja', 'テスト施設名03', '3', '00003', '03', '青森市', '000-0001', '施設住所０３', '00-00001-0003', '00-00002-0003', 'mail02@mail.com', 'ホテルサイトURL', '予約サイトURL', 'ネットショップURL', '施設ロゴ画像URL０２', '施設画像URL０１＿０２', '施設画像URL０２＿０２', '施設画像URL０３＿０２', '施設画像URL０４＿０２', '施設画像URL０５＿０２', 12.123123,123.456789);



-- ==================================================
-- コンテンツ情報
-- ==================================================
-- データ削除
DELETE FROM content_favorite;
DELETE FROM review;
DELETE FROM content;

-- コンテンツマスタ
INSERT INTO content(content_id, lang, content_type, category_id, content_title, content, content_image_url, delivery_start_date, delivery_end_date, is_display) VALUES
(1, 'ja', 'ニュース'                , 1, 'コンテンツタイトル０１', 'コンテンツ内容コンテンツ内容０１', 'コンテンツ画像URL０１', '2018/01/01 00:00:00','2020/12/31 00:00:00', true),
(2, 'ja', '共通'                    , 2, 'コンテンツタイトル０２', 'コンテンツ内容コンテンツ内容０２', 'コンテンツ画像URL０２', '2018/01/01 00:00:00','2020/12/31 00:00:00', true),
(3, 'ja', 'ドミニスタ'              , 3, 'コンテンツタイトル０３', 'コンテンツ内容コンテンツ内容０３', 'コンテンツ画像URL０３', '2018/01/01 00:00:00','2020/12/31 00:00:00', true),
(4, 'ja', 'スタッフ'                , 4, 'コンテンツタイトル０４', 'コンテンツ内容コンテンツ内容０４', 'コンテンツ画像URL０４', '2018/01/01 00:00:00','2020/12/31 00:00:00', true),
(5, 'ja', '有料会員'                , 5, 'コンテンツタイトル０５', 'コンテンツ内容コンテンツ内容０５', 'コンテンツ画像URL０５', '2018/01/01 00:00:00','2020/12/31 00:00:00', true),
(6, 'ja', '有料プレミア会員'        , 6, 'コンテンツタイトル０６', 'コンテンツ内容コンテンツ内容０６', 'コンテンツ画像URL０６', '2018/01/01 00:00:00','2020/12/31 00:00:00', true),
(7, 'ja', '有料プレミアマスター会員', 7, 'コンテンツタイトル０７', 'コンテンツ内容コンテンツ内容０７', 'コンテンツ画像URL０７', '2018/01/01 00:00:00','2020/12/31 00:00:00', true),
 (12345678902,'ja','お知らせ','23451','お知らせタイトル2','お知らせ本文2','','2018/6/26','2018/7/31',true),
 (12345678903,'ja','お知らせ','34512','お知らせタイトル3','お知らせ本文3','','2018/6/27','2018/8/1',true),
 (12345678904,'ja','お知らせ','45123','お知らせタイトル4','お知らせ本文4','','2018/6/28','2018/8/2',true),
 (12345678905,'ja','お知らせ','51234','お知らせタイトル5','お知らせ本文5','','2018/6/29','2018/8/3',true),
 (12345678906,'ja','お知らせ','12345','お知らせタイトル6','お知らせ本文6','','2018/6/30','2018/8/4',true),
 (12345678907,'ja','お知らせ','23451','お知らせタイトル7','お知らせ本文7','','2018/7/1','2018/8/5',true),
 (12345678908,'ja','お知らせ','34512','お知らせタイトル8','お知らせ本文8','','2018/7/2','2018/8/6',true),
 (12345678909,'ja','お知らせ','45123','お知らせタイトル9','お知らせ本文9','','2018/7/3','2018/8/7',true),
 (12345678910,'ja','お知らせ','51234','お知らせタイトル10','お知らせ本文10','','2018/7/4','2018/8/8',true),
 (12345678911,'ja','キャンペーン','12345','キャンペーンタイトル1','キャンペーン本文1','','2018/7/5','2018/8/9',true),
 (12345678912,'ja','キャンペーン','23451','キャンペーンタイトル2','キャンペーン本文2','','2018/7/6','2018/8/10',true),
 (12345678913,'ja','キャンペーン','34512','キャンペーンタイトル3','キャンペーン本文3','','2018/7/7','2018/8/11',true),
 (12345678914,'ja','キャンペーン','45123','キャンペーンタイトル4','キャンペーン本文4','','2018/7/8','2018/8/12',true),
 (12345678915,'ja','キャンペーン','51234','キャンペーンタイトル5','キャンペーン本文5','','2018/7/9','2018/8/13',true),
 (12345678916,'ja','キャンペーン','12345','キャンペーンタイトル6','キャンペーン本文6','','2018/7/10','2018/8/14',true),
 (12345678917,'ja','キャンペーン','23451','キャンペーンタイトル7','キャンペーン本文7','','2018/7/11','2018/8/15',true),
 (12345678918,'ja','キャンペーン','34512','キャンペーンタイトル8','キャンペーン本文8','','2018/7/12','2018/8/16',true),
 (12345678919,'ja','キャンペーン','45123','キャンペーンタイトル9','キャンペーン本文9','','2018/7/13','2018/8/17',true),
 (12345678920,'ja','キャンペーン','51234','キャンペーンタイトル10','キャンペーン本文10','','2018/7/14','2018/8/18',true),
 (12345678921,'ja','イベント','12345','イベントタイトル1','イベント本文1','','2018/7/15','2018/8/19',true),
 (12345678922,'ja','イベント','23451','イベントタイトル2','イベント本文2','','2018/7/16','2018/8/20',true),
 (12345678923,'ja','イベント','34512','イベントタイトル3','イベント本文3','','2018/7/17','2018/8/21',true),
 (12345678924,'ja','イベント','45123','イベントタイトル4','イベント本文4','','2018/7/18','2018/8/22',true),
 (12345678925,'ja','イベント','51234','イベントタイトル5','イベント本文5','','2018/7/19','2018/8/23',true),
 (12345678926,'ja','イベント','12345','イベントタイトル6','イベント本文6','','2018/7/20','2018/8/24',true),
 (12345678927,'ja','イベント','23451','イベントタイトル7','イベント本文7','','2018/7/21','2018/8/25',true),
 (12345678931,'ja','アート','12345','アートタイトル1','アート本文1','','2018/7/25','2018/8/29',true),
 (12345678932,'ja','アート','23451','アートタイトル2','アート本文2','','2018/7/26','2018/8/30',true),
 (12345678933,'ja','アート','34512','アートタイトル3','アート本文3','','2018/7/27','2018/8/31',true),
 (12345678934,'ja','アート','45123','アートタイトル4','アート本文4','','2018/7/28','2018/9/1',true),
 (12345678935,'ja','アート','51234','アートタイトル5','アート本文5','','2018/7/29','2018/9/2',true),
 (12345678936,'ja','アート','12345','アートタイトル6','アート本文6','','2018/7/30','2018/9/3',true),
 (12345678937,'ja','アート','23451','アートタイトル7','アート本文7','','2018/7/31','2018/9/4',true),
 (12345678938,'ja','アート','34512','アートタイトル8','アート本文8','','2018/8/1','2018/9/5',true),
 (12345678939,'ja','アート','45123','アートタイトル9','アート本文9','','2018/8/2','2018/9/6',true),
 (12345678940,'ja','アート','51234','アートタイトル10','アート本文10','','2018/8/3','2018/9/7',true);



-- コンテンツレビュー
INSERT INTO review(content_id, lang, add_date, nickname, coment, is_display, not_posted_date, profile_url) VALUES
(1, 'ja', current_date, 'ニックネーム０１＿０１', 'レビュー内容０１＿０１', true, null, 'プロフィール画像０１＿０１'),
(1, 'ja', current_date, 'ニックネーム０１＿０２', 'レビュー内容０１＿０２', true, null, 'プロフィール画像０１＿０２'),
(2, 'ja', current_date, 'ニックネーム０２＿０１', 'レビュー内容０２＿０１', true, null, 'プロフィール画像０２＿０１'),
(2, 'ja', current_date, 'ニックネーム０２＿０２', 'レビュー内容０２＿０２', true, null, 'プロフィール画像０２＿０２');

-- コンテンツお気に入り
INSERT INTO content_favorite(customer_id, content_id) VALUES
(1,'1'),
(2,'2'),
(3,'3'),
(4,'4'),
(1,'12345678902'),
(' 00000011112','12345678905'),
(' 00000011113','12345678903'),
(' 00000011114','12345678908'),
(' 00000011115','12345678912'),
(' 00000011116','12345678902'),
(' 00000011117','12345678922'),
(' 00000011118','12345678924'),
(' 00000011119','12345678933'),
(' 00000011121','12345678921'),
(' 00000011122','12345678925'),
(' 00000011123','12345678907'),
(' 00000011124','12345678906'),
(' 00000011125','12345678911'),
(' 00000011126','12345678923'),
(' 00000011127','12345678939'),
(' 00000011128','12345678927'),
(' 00000011129','12345678918'),
(' 00000011130','12345678917');


-- ==================================================
-- コミュニティ情報
-- ==================================================
-- データ削除
DELETE FROM community_info;
DELETE FROM community;

-- コミュニティ情報マスタ
INSERT INTO community(community_id, display_order, community_name, is_display) VALUES
(1, 1, 'コミュニティ名称１', TRUE),
(2, 2, 'コミュニティ名称２', TRUE),
(3, 3, 'コミュニティ名称３', TRUE),
(4, 4, 'コミュニティ名称４', TRUE),
(5, 5, 'コミュニティ名称５', TRUE);


-- コミュニティ付帯情報マスタ
INSERT INTO community_info(community_id, lang, community_name, is_staff, is_yuyu, age_upper_limit, age_lower_limit, coment, community_image, external_link) VALUES
(1, 'ja', 'コミュニティ名称1', 0, 0, 999, 0, 'コミュニティ内容1', 'コミュニティ画像URL1', '外部サイトURL1'),
(2, 'ja', 'コミュニティ名称2', 0, 0, 999, 0, 'コミュニティ内容2', 'コミュニティ画像URL2', '外部サイトURL2'),
(3, 'ja', 'コミュニティ名称3', 0, 0, 999, 0, 'コミュニティ内容3', 'コミュニティ画像URL3', '外部サイトURL3'),
(4, 'ja', 'コミュニティ名称4', 0, 0, 999, 0, 'コミュニティ内容4', 'コミュニティ画像URL4', '外部サイトURL4'),
(5, 'ja', 'コミュニティ名称5', 0, 0, 999, 0, 'コミュニティ内容5', 'コミュニティ画像URL5', '外部サイトURL5');

